Feature,Importance
rfq,0.32012551127326155
Sown_Ha,0.30752651489213706
Inflation,0.17227870075487914
Sown_to_Harvest_Ratio,0.136440548523898
Crisis_Indicator,0.012640590225059645
r1h_avg,0.012473157249314604
Prev_Rainfall,0.011995183837068076
rfh_avg,0.010438633187968565
Season_Encoded,0.008737141314607018
r3h_avg,0.007344018741806231
